Buffa,Winter,Ragnum
TCGA.95.A4VN.01A.11R.A262.07,14,-3, 8
TCGA.38.4628.01A.01R.1206.07,-10,-19,-10
TCGA.78.7163.01A.12R.2066.07,-14, -7,-16
TCGA.05.5425.01A.02R.1628.07,-14,-27, -6
TCGA.50.5931.01A.11R.1755.07,18,-3,14
TCGA.55.8207.01A.11R.2241.07,-40,-39,-22
TCGA.86.8278.01A.11R.2287.07,-30,-31,-14
TCGA.62.8394.01A.11R.2326.07,10,-3, 6
TCGA.73.4677.01A.01R.1206.07,-32,-27,-16
TCGA.80.5607.01A.31R.1949.07,-24,-33,-14
TCGA.95.7944.01A.11R.2187.07, -2, -5,-12
TCGA.78.8660.01A.11R.2403.07,10,19,12
TCGA.62.A46O.01A.11R.A24H.07,  4,-19, 10
TCGA.69.7761.01A.11R.2170.07,-26,-25, -8
TCGA.55.8206.01A.11R.2241.07,-42,-47,-26
TCGA.55.8204.01A.11R.2241.07,16,25,-2
TCGA.38.4631.01A.01R.1755.07,22, 9,14
TCGA.55.7910.01A.11R.2170.07,-14,-21,  2
TCGA.91.8497.01A.11R.2403.07,-40,-51,-20
TCGA.86.8671.01A.11R.2403.07,-40,-49,-22
TCGA.78.7146.01A.11R.2039.07,26,13,14
TCGA.55.8508.01A.11R.2403.07,-18,-19,-22
TCGA.97.7941.01A.11R.2187.07,-40,-43,-22
TCGA.55.8506.01A.11R.2403.07,-14, -7,-10
TCGA.44.7672.01A.11R.2066.07,-10,-15, -8
TCGA.78.7166.01A.12R.2066.07,8,7,4
TCGA.49.4488.01A.01R.1755.07, 8,11,-4
TCGA.50.5944.01A.11R.1755.07,-38,-43,-22
TCGA.MP.A4SY.01A.21R.A24X.07, 10, 11,-10
TCGA.86.8585.01A.11R.2403.07,10, 9, 8
TCGA.55.8511.01A.11R.2403.07,-14,-25,-10
TCGA.05.5429.01A.01R.1628.07,10,-3,-4
TCGA.50.5930.01A.11R.1755.07,-26,-23, -8
TCGA.55.8096.01A.11R.2241.07, -8,  1,-14
TCGA.73.A9RS.01A.11R.A41B.07, -8,-19,  2
TCGA.MP.A5C7.01A.11R.A262.07,-38,-35,-16
TCGA.44.6146.01A.11R.1755.07,-38,-43,-20
TCGA.91.6840.01A.11R.1949.07,-18,-19, -4
TCGA.78.7540.01A.11R.2066.07,-26,-31,-22
TCGA.05.5428.01A.01R.1628.07,12,17, 0
TCGA.78.7148.01A.11R.2039.07, -6,-15, -4
TCGA.49.4514.01A.21R.1858.07,  4,-11,  6
TCGA.MP.A4TI.01A.21R.A24X.07,10, 5, 2
TCGA.75.5146.01A.01R.1628.07,-26,-29,-12
TCGA.86.7701.01A.11R.2170.07, -8,-25,  2
TCGA.86.8056.01A.11R.2241.07,-38,-39,-20
TCGA.55.6712.01A.11R.1858.07,-2,-7,-8
TCGA.MP.A4TA.01A.21R.A24X.07, 2,-5,10
TCGA.86.7955.01A.11R.2187.07,10, 5, 6
TCGA.62.A46S.01A.11R.A24H.07,-34,-43,-24
TCGA.44.3398.01A.01R.1107.07,14,13,-2
TCGA.95.7567.01A.11R.2066.07,-26,-17, -6
TCGA.50.8459.01A.11R.2326.07,-24,-27,-16
TCGA.64.5774.01A.01R.1628.07, 2,-1,-4
TCGA.75.6203.01A.11R.1755.07,-38,-43,-18
TCGA.NJ.A4YF.01A.12R.A262.07,  8,-13,-18
TCGA.86.A4P7.01A.11R.A24X.07,-38,-49,-16
TCGA.55.8203.01A.11R.2241.07,-26,-27, -8
TCGA.J2.A4AE.01A.21R.A24H.07,-32,-39,-16
TCGA.J2.8194.01A.11R.2241.07,-24,-31,-14
TCGA.62.8397.01A.11R.2326.07,-20,-25,-14
TCGA.78.7150.01A.21R.2039.07,10, 7,16
TCGA.91.6828.01A.11R.1858.07,-32,-37,-14
TCGA.86.8074.01A.11R.2241.07,-4, 1, 0
TCGA.44.7659.01A.11R.2066.07,-38,-43,-26
TCGA.49.4501.01A.01R.1206.07, -4,-13,-18
TCGA.86.8668.01A.11R.2403.07,-28,-43,-18
TCGA.91.6829.01A.21R.1858.07,-28,-25, -6
TCGA.49.AARN.01A.21R.A41B.07,-34,-21,-18
TCGA.86.6851.01A.11R.1949.07,-38,-39,-16
TCGA.91.A4BD.01A.11R.A24H.07,-14,-19,-16
TCGA.75.7027.01A.11R.1949.07, 4,-5, 8
TCGA.05.4244.01A.01R.1107.07, -2, -3,-10
TCGA.50.5045.01A.01R.1628.07, 10, -3,-10
TCGA.44.2668.01A.01R.0946.07,30,23,20
TCGA.62.A46Y.01A.11R.A24H.07,-16,-17,-16
TCGA.80.5611.01A.01R.1628.07,10,-1,12
TCGA.95.A4VP.01A.21R.A262.07,-24,-35,-12
TCGA.86.8673.01A.11R.2403.07, 2,-9,-2
TCGA.38.4625.01A.01R.1206.07,14,13, 6
TCGA.44.2656.01A.02R.0946.07,  2,-11, -8
TCGA.55.A48Y.01A.11R.A24H.07,-14,-21,-18
TCGA.49.AAR3.01A.11R.A41B.07,2,5,4
TCGA.44.A4SU.01A.11R.A24X.07,-20,-11,-20
TCGA.99.8032.01A.11R.2241.07,-12,-23,-14
TCGA.55.A491.01A.11R.A24H.07,-14,-31,-10
TCGA.55.1592.01A.01R.0946.07,-30,-37,-14
TCGA.44.6774.01A.21R.1858.07,-30,-19,-16
TCGA.55.7283.01A.11R.2039.07,-38,-37,-22
TCGA.86.7953.01A.11R.2187.07,-14,-15,  4
TCGA.50.8460.01A.11R.2326.07,-26,-33,-20
TCGA.55.8097.01A.11R.2241.07,-36,-45,-22
TCGA.86.7713.01A.11R.2066.07,-20,-31, -6
TCGA.50.6594.01A.11R.1755.07,24, 3, 8
TCGA.86.8358.01A.11R.2326.07, -6,-19, 16
TCGA.55.A493.01A.11R.A24H.07,36,25,14
TCGA.35.3615.01A.01R.0946.07,-18,-15,-22
TCGA.67.4679.01B.01R.1755.07,-38,-49,-28
TCGA.49.4490.01A.21R.1858.07,-14, -9,-16
TCGA.05.4395.01A.01R.1206.07,32,29,-2
TCGA.93.A4JQ.01A.11R.A24X.07,-22,-23,-10
TCGA.69.7980.01A.11R.2187.07,-32,-23,-12
TCGA.73.4670.01A.01R.1206.07,30,33,10
TCGA.55.1594.01A.01R.0946.07, -4,-17, 10
TCGA.50.5068.01A.01R.1628.07, -6,-11, -4
TCGA.05.4389.01A.01R.1206.07,-8,-5,-2
TCGA.44.5643.01A.01R.1628.07,-6,-3, 6
TCGA.50.6673.01A.11R.1949.07,-22,-15,-18
TCGA.MP.A4T4.01A.11R.A262.07,-14,-19, -6
TCGA.62.A46R.01A.11R.A24H.07,-26,-31,-20
TCGA.62.A470.01A.11R.A24H.07,-20,-29,-10
TCGA.78.7536.01A.11R.2066.07, -8,-11, 22
TCGA.MN.A4N4.01A.12R.A24X.07,-14, -7,-16
TCGA.49.4510.01A.01R.1206.07,-14,-15,-18
TCGA.50.5072.01A.21R.1858.07,20,17,26
TCGA.67.3770.01A.01R.0946.07,-10,-15,-10
TCGA.97.8552.01A.11R.2403.07,-34,-33,-24
TCGA.MP.A4TC.01A.11R.A24X.07,10, 3,-2
TCGA.62.A46U.01A.11R.A24H.07,-22,-21,-14
TCGA.55.8094.01A.11R.2241.07,  4,-11,  4
TCGA.86.6562.01A.11R.1755.07,-20, -9, -6
TCGA.97.A4M2.01A.12R.A24X.07,-42,-51,-22
TCGA.44.6775.01A.11R.1858.07,-26,-23, -8
TCGA.69.7765.01A.11R.2170.07,-20,-25, -8
TCGA.38.4627.01A.01R.1206.07, -6, -5,-10
TCGA.55.A48X.01A.11R.A24H.07,-42,-41,-20
TCGA.55.1596.01A.01R.0946.07, 4,-3,16
TCGA.97.A4M7.01A.11R.A24X.07,-38,-45,-22
TCGA.78.7149.01A.11R.2039.07,-32,-23,-18
TCGA.75.6207.01A.11R.1755.07,  0, -9,-12
TCGA.44.8117.01A.11R.2241.07,-22,-13, -8
TCGA.86.8669.01A.11R.2403.07,-26,-41,-14
TCGA.55.A4DF.01A.11R.A24H.07,10,11,16
TCGA.75.7031.01A.11R.1949.07,  2,-13,-14
TCGA.44.3396.01A.01R.1206.07, 2,11,-6
TCGA.38.4632.01A.01R.1755.07,20, 7, 8
TCGA.55.8507.01A.11R.2403.07,-18, -7,-12
TCGA.91.A4BC.01A.11R.A24H.07,-20,-35,  6
TCGA.78.7154.01A.11R.2039.07, 2,-3,10
TCGA.91.6830.01A.11R.1949.07,-12,-13,-16
TCGA.55.6978.01A.11R.1949.07,0,5,4
TCGA.49.AAR2.01A.11R.A39D.07, -6,-13, -6
TCGA.71.6725.01A.11R.1858.07,-18,-23,-22
TCGA.44.7660.01A.11R.2066.07,12,13, 8
TCGA.69.A59K.01A.11R.A262.07,  4,-21, -2
TCGA.78.7633.01A.11R.2066.07,-40,-31,-16
TCGA.95.8039.01A.11R.2241.07,-32,-27,-16
TCGA.73.7498.01A.12R.2187.07,-40,-33,-22
TCGA.35.4123.01A.01R.1107.07,28,23, 2
TCGA.64.1679.01A.21R.2066.07,10,19,-2
TCGA.44.2665.01A.01R.0946.07,-16,-11,-16
TCGA.55.6975.01A.11R.1949.07, 2, 3,10
TCGA.78.8662.01A.11R.2403.07, 2,-1,-4
TCGA.44.A47B.01A.11R.A24H.07,-32,-27,-12
TCGA.73.7499.01A.11R.2187.07, 4,-9, 6
TCGA.49.6761.01A.31R.1949.07, 8, 9,-4
TCGA.55.8619.01A.11R.2403.07,-34,-43,-20
TCGA.67.3773.01A.01R.0946.07,-12,-31,-14
TCGA.53.A4EZ.01A.12R.A24X.07, -4,-13, 12
TCGA.50.5933.01A.11R.1755.07,14, 3,-6
TCGA.73.4659.01A.01R.1206.07, 2,-5,-8
TCGA.97.7553.01A.21R.2039.07,-40,-43,-18
TCGA.55.7728.01A.11R.2187.07,-28,-35,-22
TCGA.78.8648.01A.11R.2403.07,-30,-45,-16
TCGA.05.4426.01A.01R.1206.07, 6,11,-6
TCGA.05.4424.01A.22R.1858.07,-28,-27, -2
TCGA.55.6642.01A.11R.1858.07,-24,-19,-12
TCGA.55.A48Z.01A.12R.A24X.07, 0,-5,-4
TCGA.86.7714.01A.12R.2170.07,-40,-53,-20
TCGA.78.7143.01A.11R.2039.07,-18,-25, -6
TCGA.50.6591.01A.11R.1755.07,10,13,10
TCGA.44.2662.01A.01R.0946.07,18,17,12
TCGA.MP.A4SV.01A.11R.A24X.07,-6,-7, 0
TCGA.75.6214.01A.41R.1949.07, 4,19,-4
TCGA.50.5935.01A.11R.1755.07,-30,-27,-24
TCGA.99.8033.01A.11R.2241.07,12,13,16
TCGA.55.6981.01A.11R.1949.07,-14, -1,-16
TCGA.86.A4D0.01A.11R.A24H.07,  0,-21, 12
TCGA.55.8085.01A.11R.2241.07,10,-5, 0
TCGA.55.A494.01A.11R.A24X.07,-24,-27,-10
TCGA.44.6776.01A.11R.1858.07,-38,-31,-20
TCGA.50.5051.01A.21R.1858.07, -4,-13,-14
TCGA.44.8119.01A.11R.2241.07,2,9,8
TCGA.95.7947.01A.11R.2187.07,-30,-23, -4
TCGA.44.4112.01A.01R.1107.07, 8,13, 2
TCGA.MP.A4T9.01A.11R.A24X.07,-24,-21,-14
TCGA.80.5608.01A.31R.1949.07, -4,-11,-14
TCGA.50.5936.01A.11R.1628.07,-2, 7,-2
TCGA.78.7161.01A.11R.2039.07,-26,-21,-18
TCGA.97.7547.01A.11R.2039.07,-40,-39,-24
TCGA.97.8177.01A.11R.2287.07, -4, -5,-14
TCGA.55.8092.01A.11R.2241.07,-28,-29,-16
TCGA.49.AAR0.01A.21R.A39D.07,  2,-15,-16
TCGA.50.5932.01A.11R.1755.07,-34,-33,-20
TCGA.86.8076.01A.31R.2241.07,-32,-39,-16
TCGA.MP.A4SW.01A.21R.A24X.07,-14,-25,-14
TCGA.55.7573.01A.11R.2039.07,-34,-45,-22
TCGA.97.A4M3.01A.11R.A24X.07,-34,-21,-22
TCGA.86.A4P8.01A.11R.A24X.07,-36,-47,-22
TCGA.86.8280.01A.11R.2287.07,-24,-33,-12
TCGA.78.7537.01A.11R.2066.07,-36,-27,-22
TCGA.49.AARE.01A.11R.A41B.07, 0,-5, 0
TCGA.83.5908.01A.21R.2287.07,0,3,6
TCGA.78.7535.01A.11R.2066.07,-10, -9, -8
TCGA.55.8299.01A.11R.2287.07,-24,-25,-14
TCGA.05.4434.01A.01R.1206.07,16,27, 2
TCGA.49.AAR9.01A.21R.A41B.07,16,15,16
TCGA.55.7907.01A.11R.2170.07,-32,-27, -8
TCGA.91.6836.01A.21R.1858.07,10, 1,16
TCGA.44.6777.01A.11R.1858.07, -4,-19,-16
TCGA.67.6217.01A.11R.1755.07,-28,-33,-24
TCGA.L9.A50W.01A.12R.A39D.07,-32,-35,-16
TCGA.55.1595.01A.01R.0946.07,-30,-31, -4
TCGA.05.4430.01A.02R.1206.07,-10,  7,-12
TCGA.86.7711.01A.11R.2066.07, 0,-9, 6
TCGA.86.8279.01A.11R.2287.07,-14,-19,-10
TCGA.50.5055.01A.01R.1628.07,-16,-43,-20
TCGA.44.6147.01A.11R.1755.07,-34,-39,-20
TCGA.49.4505.01A.01R.1206.07, 10,  9,-16
TCGA.97.8547.01A.11R.2403.07,-12,-21,-14
TCGA.05.5420.01A.01R.1628.07,  2,-13,  0
TCGA.55.6986.01A.11R.1949.07,-18,-15,-18
TCGA.69.8254.01A.11R.2287.07,-38,-45,-24
TCGA.78.7167.01A.11R.2066.07,-36,-41,-20
TCGA.44.3919.01A.02R.1107.07,-18,-13, -6
TCGA.49.AARR.01A.11R.A41B.07,-40,-33,-24
TCGA.75.6211.01A.11R.1755.07, -8,-17, 10
TCGA.93.7347.01A.11R.2187.07,-38,-47,-16
TCGA.95.7039.01A.11R.1949.07,-6,-9,-2
TCGA.93.A4JP.01A.11R.A24X.07,-42,-37,-20
TCGA.38.4629.01A.02R.1206.07,40,39, 6
TCGA.49.4506.01A.01R.1206.07,14,15, 4
TCGA.MP.A4TK.01A.11R.A24X.07, -2,-15,-10
TCGA.91.6848.01A.11R.1949.07, -2,-17,  2
TCGA.62.A46P.01A.11R.A24H.07,-16,-27,-22
TCGA.97.A4M1.01A.11R.A24X.07,-40,-39,-26
TCGA.49.4494.01A.01R.1206.07,12,15, 2
TCGA.49.6743.01A.11R.1858.07,-6,-3,14
TCGA.MP.A4TD.01A.32R.A262.07,-26,-17,-20
TCGA.55.8089.01A.11R.2241.07, -4,-11,  4
TCGA.97.A4LX.01A.11R.A24X.07,-18,-37,-20
TCGA.44.A47A.01A.21R.A24H.07,-28,-33,-22
TCGA.97.A4M0.01A.11R.A24X.07,-34,-53,-20
TCGA.97.8171.01A.11R.2287.07,-16,-23,-14
TCGA.62.A471.01A.12R.A24H.07,28,23,12
TCGA.05.4410.01A.21R.1858.07,-34,-37,-22
TCGA.55.8205.01A.11R.2241.07, 4,-9,12
TCGA.55.A57B.01A.12R.A39D.07,-34,-35,-18
TCGA.49.4507.01A.01R.1206.07,28,11, 2
TCGA.91.7771.01A.11R.2170.07,-30,-41,-18
TCGA.97.8176.01A.11R.2403.07, 2,-9,12
TCGA.55.7281.01A.11R.2039.07,-24,-25,-20
TCGA.05.4398.01A.01R.1206.07,26,15, 2
TCGA.05.4250.01A.01R.1107.07,18, 7, 4
TCGA.97.7554.01A.11R.2039.07,-34,-29,-14
TCGA.55.6984.01A.11R.1949.07, -8, -1,-20
TCGA.64.5775.01A.01R.1628.07,14,13, 4
TCGA.97.8172.01A.11R.2287.07,-42,-39,-20
TCGA.78.7155.01A.11R.2039.07, -4,-19, 12
TCGA.67.3774.01A.01R.0946.07,-36,-33,-18
TCGA.75.5126.01A.01R.1755.07,22, 5, 4
TCGA.93.A4JN.01A.11R.A24X.07,-30, -9,  0
TCGA.55.7227.01A.11R.2039.07,-32,-29,-18
TCGA.49.AAR4.01A.12R.A41B.07,-10, -9,-16
TCGA.50.6597.01A.11R.1858.07,-24,-31,-24
TCGA.86.8672.01A.21R.2403.07,-4,-3, 4
TCGA.44.7670.01A.11R.2066.07,-4,-5,16
TCGA.NJ.A55O.01A.11R.A262.07,-32,-29,-24
TCGA.75.7025.01A.12R.1949.07,-34,-37,-22
TCGA.05.4427.01A.21R.1858.07,-20,-11,-10
TCGA.78.7158.01A.11R.2039.07,-40,-35,-22
TCGA.05.4390.01A.02R.1755.07,20,13, 4
TCGA.55.8616.01A.11R.2403.07,-14,-19,-16
TCGA.55.6980.01A.11R.1949.07, -8,-13,-16
TCGA.62.8399.01A.21R.2326.07,-28,-21,-14
TCGA.55.A4DG.01A.11R.A24H.07,-36,-33,-22
TCGA.NJ.A4YQ.01A.11R.A262.07,-18,-25, -6
TCGA.69.8253.01A.11R.2287.07,-22, -9,-20
TCGA.55.8087.01A.11R.2241.07,-40,-49,-24
TCGA.62.A46V.01A.11R.A24H.07, -8,-13,-12
TCGA.38.4630.01A.01R.1206.07, -8,-17,  2
TCGA.49.6744.01A.11R.1858.07,-30,-43,-18
TCGA.44.2666.01A.01R.0946.07,-34,-35,-14
TCGA.49.4512.01A.21R.1858.07,-12,-15,-22
TCGA.44.7662.01A.11R.2066.07,-2, 7, 6
TCGA.97.7937.01A.11R.2170.07,-8,-3,-6
TCGA.05.4415.01A.22R.1858.07,26,19,16
TCGA.97.8174.01A.11R.2287.07,-38,-51,-20
TCGA.50.7109.01A.11R.2039.07,-16,-13,-12
TCGA.NJ.A4YP.01A.11R.A262.07,-26, -5,-12
TCGA.86.8281.01A.11R.2287.07,-38,-35,-20
TCGA.64.1676.01A.01R.0946.07, 16, 11,-12
TCGA.99.7458.01A.11R.2039.07,-28,-39,-18
TCGA.NJ.A55A.01A.11R.A262.07,-40,-45,-22
TCGA.62.A472.01A.11R.A24H.07, -6,-13,-12
TCGA.55.8614.01A.11R.2403.07,-16, -1,-10
TCGA.55.8514.01A.11R.2403.07,-18,-21,-16
TCGA.05.4422.01A.01R.1206.07,-22,-27,-10
TCGA.05.4403.01A.01R.1206.07,-20,-21,-12
TCGA.75.5147.01A.01R.1628.07, 8,-5, 2
TCGA.49.AARQ.01A.11R.A41B.07,-4,-9, 6
TCGA.75.6212.01A.11R.1755.07, -6, -7,-12
TCGA.73.4676.01A.01R.1755.07,20, 3,16
TCGA.NJ.A7XG.01A.12R.A39D.07,-28,-25,-22
TCGA.05.4417.01A.22R.1858.07,-34,-37,-20
TCGA.J2.A4AD.01A.11R.A24H.07,-10, -7, -6
TCGA.05.4405.01A.21R.1858.07,-38,-37,-22
TCGA.NJ.A55R.01A.11R.A262.07,-22,-27,-14
TCGA.S2.AA1A.01A.12R.A39D.07,-30,-45,-20
TCGA.L9.A743.01A.43R.A39D.07,-20,-35,-14
TCGA.L9.A5IP.01A.21R.A39D.07,10,17,-8
TCGA.55.8302.01A.11R.2326.07,10,15,-4
TCGA.O1.A52J.01A.11R.A262.07,-32,-29,-24
TCGA.44.7667.01A.31R.2066.07,14, 7,12
TCGA.75.5125.01A.01R.1755.07,12, 7, 6
TCGA.05.4396.01A.21R.1858.07,-30,-33,-22
TCGA.55.7994.01A.11R.2187.07, 0,-3, 4
TCGA.69.7974.01A.11R.2187.07, 0,-5, 2
TCGA.50.6593.01A.11R.1755.07,-16,-15, -8
TCGA.75.7030.01A.11R.1949.07,-30,-31,-12
TCGA.44.2659.01A.01R.0946.07,-32,-43,-22
TCGA.55.7574.01A.11R.2039.07,-32,-41,-20
TCGA.05.4384.01A.01R.1755.07,-44,-35,-24
TCGA.55.8513.01A.11R.2403.07,-40,-49,-22
TCGA.05.4382.01A.01R.1206.07, 8,15,-2
TCGA.99.8025.01A.11R.2241.07,-10, -5,-18
TCGA.69.8453.01A.12R.2326.07,-30,-35,-20
TCGA.99.8028.01A.11R.2241.07,-20,-23,-18
TCGA.75.6206.01A.11R.1755.07,-30,-37,-20
TCGA.99.AA5R.01A.11R.A39D.07,-36,-47,-20
TCGA.49.6742.01A.11R.1858.07,-10,-25, 12
TCGA.35.4122.01A.01R.1107.07,30,17,10
TCGA.55.8301.01A.11R.2287.07,10,-7,-4
TCGA.64.1678.01A.01R.0946.07,18,-1,16
TCGA.55.6971.01A.11R.1949.07,-36,-25,-18
TCGA.69.8255.01A.11R.2287.07,10,-9,12
TCGA.86.8674.01A.21R.2403.07,-20,-21,-22
TCGA.97.8179.01A.11R.2287.07,-26,-29,-16
TCGA.05.4418.01A.01R.1206.07,20,21,-4
TCGA.55.6983.01A.11R.1949.07,-38,-33,-22
TCGA.91.6831.01A.11R.1858.07, 6,-5,10
TCGA.50.6592.01A.11R.1755.07,10, 7,14
TCGA.93.8067.01A.11R.2287.07,4,9,2
TCGA.97.A4M6.01A.11R.A24X.07,-36,-39,-18
TCGA.49.AARO.01A.12R.A41B.07,-10,  1,-16
TCGA.55.6982.01A.11R.1949.07,16,-1,-6
TCGA.78.8655.01A.11R.2403.07,-40,-31,-24
TCGA.91.8496.01A.11R.2403.07,-14,-17,-18
TCGA.44.A4SS.01A.11R.A24X.07,-32,-29,-14
TCGA.78.7152.01A.11R.2039.07,-28,-33,-22
TCGA.91.6847.01A.11R.1949.07,6,9,8
TCGA.44.3918.01A.01R.1107.07,-4, 7,-6
TCGA.55.6543.01A.11R.1755.07,-24, -9,-14
TCGA.50.6595.01A.12R.1858.07,32,41, 6
TCGA.49.6745.01A.11R.1858.07, -6, -9,-10
TCGA.95.8494.01A.11R.2326.07,28,13,10
TCGA.91.6835.01A.11R.1858.07,-44,-43,-18
TCGA.55.6987.01A.11R.1949.07,-12,-17,  0
TCGA.55.8091.01A.11R.2241.07,-18,-11,-12
TCGA.L9.A444.01A.21R.A24H.07,-28,-33,-20
TCGA.95.7948.01A.11R.2187.07,-26,-23,-22
TCGA.95.A4VK.01A.11R.A262.07,-28,-31,-18
TCGA.44.7671.01A.11R.2066.07,-26,-29,-14
TCGA.91.6849.01A.11R.1949.07,-36,-35,-14
TCGA.69.7760.01A.11R.2170.07,-2,-7,-2
TCGA.78.7153.01A.11R.2039.07,-26,-19,-18
TCGA.55.8512.01A.11R.2403.07,-42,-27,-24
TCGA.44.6779.01A.11R.1858.07, 2,-5, 2
TCGA.67.6216.01A.11R.1755.07,-22,-17,-16
TCGA.73.4668.01A.01R.1206.07,  2, 15,-12
TCGA.J2.A4AG.01A.11R.A24H.07,-36,-27,-22
TCGA.44.8120.01A.11R.2241.07,-22,-31,-14
TCGA.38.4626.01A.01R.1206.07,-34,-33,-20
TCGA.91.8499.01A.11R.2403.07,10, 7,14
TCGA.55.6970.01A.11R.1949.07,-26,-27, -2
TCGA.64.5815.01A.01R.1628.07,  8,  9,-10
TCGA.05.4432.01A.01R.1206.07, -6,-23,  0
TCGA.55.8208.01A.11R.2241.07,-32,-33, -6
TCGA.55.8621.01A.11R.2403.07,-26,-41,-16
TCGA.78.7539.01A.11R.2066.07,-38,-37,-22
TCGA.86.7954.01A.11R.2187.07,-24,-45,-12
TCGA.64.5778.01A.01R.1628.07,-12,-29,-16
TCGA.86.8075.01A.11R.2241.07,-8,-5,-6
TCGA.05.5423.01A.01R.1628.07,-20,-15,-12
TCGA.55.8510.01A.11R.2403.07,-30,-31,-20
TCGA.64.1680.01A.02R.0946.07,-22,-19,-18
TCGA.55.7903.01A.11R.2170.07, 2, 3,-2
TCGA.55.6969.01A.11R.1949.07,18,-7,16
TCGA.55.7995.01A.11R.2187.07,-16,-11,  6
TCGA.44.5645.01A.01R.1628.07,-42,-47,-24
TCGA.64.1677.01A.01R.0946.07,22,25,10
TCGA.55.8620.01A.11R.2403.07, 10,-15, 16
TCGA.MP.A4TJ.01A.51R.A262.07,-40,-51,-20
TCGA.55.A492.01A.11R.A24H.07,-20,-27,-20
TCGA.44.6145.01A.11R.1755.07,-18,-15,  0
TCGA.44.7661.01A.11R.2066.07,22,17, 6
TCGA.50.5941.01A.11R.1755.07,-16,-19,-14
TCGA.MN.A4N1.01A.11R.A24X.07, 0,-9, 0
TCGA.05.4433.01A.22R.1858.07,-38,-39,-18
TCGA.67.6215.01A.11R.1755.07,-32,-21,-26
TCGA.55.7570.01A.11R.2039.07,18, 1,18
TCGA.73.4658.01A.01R.1755.07,  0,  1,-10
TCGA.55.7724.01A.11R.2170.07,-18, -5, -4
TCGA.53.7626.01A.12R.2066.07,-38,-41,-18
TCGA.67.3772.01A.01R.0946.07,-10,-11,-10
TCGA.75.5122.01A.01R.1755.07,-10,-19,-14
TCGA.55.7727.01A.11R.2170.07,-10,-19, -2
TCGA.86.8359.01A.11R.2326.07,-20,-15,-20
TCGA.75.6205.01A.11R.1755.07, -8,-19,-10
TCGA.05.4397.01A.01R.1206.07, 8,-9,14
TCGA.73.4666.01A.01R.1206.07, 6,15,16
TCGA.50.8457.01A.11R.2326.07,-40,-51,-20
TCGA.50.5946.01A.11R.1755.07,-6,-7, 8
TCGA.71.8520.01A.11R.2403.07,-12,-15,-12
TCGA.L9.A7SV.01A.11R.A39D.07,-24,-23,-10
TCGA.64.5779.01A.01R.1628.07,-14,-33, -2
TCGA.78.7220.01A.11R.2039.07,-14, -9, 16
TCGA.50.5044.01A.21R.1858.07,28,27, 2
TCGA.MP.A4T7.01A.11R.A24X.07,-16,-13, -4
TCGA.93.7348.01A.21R.2039.07,-36,-43,-20
TCGA.62.8402.01A.11R.2326.07,-14,-27,  2
TCGA.55.6972.01A.11R.1949.07,-20,-25,-22
TCGA.44.5644.01A.21R.2039.07, -8,-23, -4
TCGA.55.7913.01B.11R.2241.07,  2,-11,  2
TCGA.55.6985.01A.11R.1949.07,-26,-13,-18
TCGA.50.5066.01A.01R.1628.07,22,15, 6
TCGA.69.7764.01A.11R.2170.07,-36,-49,-28
TCGA.L4.A4E6.01A.11R.A24H.07,-36,-39,-20
TCGA.44.2655.01A.01R.0946.07,-28,-19,-18
TCGA.NJ.A4YI.01A.11R.A262.07,-38,-35,-26
TCGA.97.7546.01A.11R.2039.07,-40,-41,-24
TCGA.97.8175.01A.11R.2287.07,  8, 11,-16
TCGA.78.8640.01A.11R.2403.07, 10,-11, 14
TCGA.05.5715.01A.01R.1628.07,-26,-41,-14
TCGA.53.7813.01A.11R.2170.07, -4,-17, -4
TCGA.78.7162.01A.21R.2066.07,-40,-45,-16
TCGA.MN.A4N5.01A.11R.A24X.07,-18,-11,-10
TCGA.44.2657.01A.01R.1107.07,-30,-59,-22
TCGA.55.8505.01A.11R.2403.07, 2,11,-2
TCGA.97.7552.01A.11R.2039.07,-42,-49,-24
TCGA.69.7763.01A.11R.2170.07,-36,-25,-20
TCGA.64.5781.01A.01R.1628.07, 6, 3,-8
TCGA.05.4249.01A.01R.1107.07,-38,-37,-18
TCGA.05.4420.01A.01R.1206.07, 8,-3, 8
TCGA.69.7978.01A.11R.2187.07,-18, -5,-12
TCGA.53.7624.01A.11R.2066.07,12,13,18
TCGA.97.7938.01A.11R.2170.07,-38,-35,-24
TCGA.49.AAQV.01A.11R.A39D.07, 8,-5,-6
TCGA.55.6968.01A.11R.1949.07,-14,-19, 14
TCGA.78.7542.01A.21R.2066.07,34,35,14
TCGA.44.A47G.01A.21R.A24H.07,-22,-27,-12
TCGA.L4.A4E5.01A.11R.A24X.07, 6,-9, 8
TCGA.55.7576.01A.11R.2066.07,-28,-15,-14
TCGA.38.A44F.01A.11R.A24H.07,-30,-25,-20
TCGA.50.5049.01A.01R.1628.07,-10,-21,-14
TCGA.55.8615.01A.11R.2403.07,-32,-31,-14
TCGA.55.8090.01A.11R.2241.07, -4,  5,-12
TCGA.86.A456.01A.11R.A24H.07,-28,-29,-18
TCGA.97.A4M5.01A.11R.A24X.07,-40,-37,-22
TCGA.L9.A443.01A.12R.A24H.07,-24,-27,-24
TCGA.44.A479.01A.31R.A24H.07,-32,-37,-14
TCGA.4B.A93V.01A.11R.A39D.07,-2,-9,-8
TCGA.MP.A4T8.01A.11R.A24X.07,-18, -5, -6
TCGA.93.A4JO.01A.21R.A24X.07,-34,-35,-12
TCGA.55.7725.01A.11R.2170.07,-22,-29,-20
TCGA.MP.A4TF.01A.11R.A262.07, 10,  5,-10
TCGA.67.3771.01A.01R.0946.07,-10,-11, -8
TCGA.50.6590.01A.12R.1858.07,20,17,10
TCGA.86.A4JF.01A.11R.A24X.07,-4,-9, 2
TCGA.05.4425.01A.01R.1755.07,-20,-17, -8
TCGA.50.5942.01A.21R.1755.07,-42,-45,-26
TCGA.64.1681.01A.11R.2066.07,-22,-35,-14
TCGA.78.7160.01A.11R.2039.07,-34,-39, -8
TCGA.49.4486.01A.01R.1206.07,-10, -3,-16
TCGA.55.7284.01B.11R.2241.07,-36,-27,-22
TCGA.05.4402.01A.01R.1206.07, 4, 9,-2
TCGA.95.7562.01A.11R.2241.07,20,-1, 6
TCGA.69.7973.01A.11R.2187.07,-24,-29, -2
TCGA.69.7979.01A.11R.2187.07,-10,  5, -4
TCGA.49.4487.01A.21R.1858.07, -4,-17, 12
TCGA.78.7147.01A.11R.2039.07, -6,-25, -6
TCGA.86.8055.01A.11R.2241.07, 2,-3,-8
TCGA.55.7815.01A.11R.2170.07,-16,-21,-12
TCGA.73.4662.01A.01R.1206.07,-40,-41,-22
TCGA.95.7043.01A.11R.1949.07,-22,-13, -6
TCGA.49.6767.01A.11R.1858.07,16, 9, 6
TCGA.78.7156.01A.11R.2039.07,-32,-29,-20
TCGA.78.7159.01A.11R.2039.07,-10,-15, -4
TCGA.78.7145.01A.11R.2039.07,16, 5,-4
TCGA.62.8398.01A.11R.2326.07,2,5,4
TCGA.55.6979.01A.11R.1949.07,-10,-27,-10
TCGA.55.5899.01A.11R.1628.07,  4,-17, 12
TCGA.44.6148.01A.11R.1755.07,-40,-51,-24
TCGA.55.7726.01A.11R.2170.07,12,15,14
TCGA.35.5375.01A.01R.1628.07,24,19,16
TCGA.86.8054.01A.11R.2241.07,12, 9,22
TCGA.55.7911.01A.11R.2170.07,-16,-21, -6
TCGA.MP.A4T6.01A.32R.A262.07,-30,-33,-16
TCGA.44.7669.01A.21R.2066.07,  0,-23, 16
TCGA.MP.A4TH.01A.31R.A262.07,-42,-45,-26
TCGA.J2.8192.01A.11R.2241.07,-20,-17,-14
TCGA.73.4675.01A.01R.1206.07, -8,-11, -6
TCGA.38.7271.01A.11R.2039.07,-38,-53,-22
TCGA.44.6778.01A.11R.1858.07,-24,-43, -6
TCGA.86.8073.01A.11R.2241.07,-28,-37,-12
TCGA.62.8395.01A.11R.2326.07,-36,-33,-20
TCGA.44.2661.01A.01R.1107.07,-22,-35,-18
TCGA.L9.A8F4.01A.11R.A39D.07, -8,-29, -6
TCGA.55.7914.01A.11R.2170.07,-26,-35,-18
TCGA.50.5939.01A.11R.1628.07, 2,17,-2
TCGA.38.6178.01A.11R.1755.07,-16,-21,-18
TCGA.43.6143.01A.11R.1820.07, 2,13,10
TCGA.77.8130.01A.11R.2247.07,20,41,-6
TCGA.63.5131.01A.01R.1443.07,18,15,18
TCGA.94.A5I4.01A.11R.A26W.07,20,41,12
TCGA.85.6561.01A.11R.1820.07,10,25,12
TCGA.56.7222.01A.11R.2045.07,36,47,18
TCGA.90.7767.01A.11R.2125.07,12,-1,12
TCGA.22.5478.01A.01R.1635.07,22, 9, 4
TCGA.34.5241.01A.01R.1443.07,30,37,16
TCGA.O2.A52Q.01A.11R.A26W.07,40,35, 8
TCGA.63.A5MM.01A.11R.A26W.07,38,51, 8
TCGA.63.A5MJ.01A.11R.A27Q.07,16,29,18
TCGA.56.8083.01A.11R.2247.07,-10, -1, 10
TCGA.22.4607.01A.01R.1201.07,24,41,10
TCGA.NC.A5HT.01A.11R.A26W.07,14,13,-4
TCGA.85.8352.01A.31R.2326.07,14, 5,16
TCGA.39.5039.01A.01R.1443.07,24,31,-4
TCGA.21.1080.01A.01R.0692.07,18,19,12
TCGA.22.4604.01A.01R.1201.07,16,27,12
TCGA.85.6175.01A.11R.1820.07,-18, -1,-10
TCGA.43.5670.01A.21R.2125.07,24,27,10
TCGA.60.2695.01A.01R.0851.07, 8, 1,10
TCGA.63.A5MW.01A.11R.A26W.07, 0,-7, 4
TCGA.37.3789.01A.01R.0980.07,34,47,12
TCGA.33.AASI.01A.22R.A405.07, 0,25, 4
TCGA.68.7756.01A.11R.2125.07,32,63,10
TCGA.58.8390.01A.11R.2326.07,-12, -3,  6
TCGA.18.3408.01A.01R.0980.07,10,25, 2
TCGA.63.7022.01A.11R.1949.07, 0,-7,-2
TCGA.66.2789.01A.01R.0980.07,24,15, 8
TCGA.96.7545.01A.21R.2045.07, 6, 3,-2
TCGA.22.4591.01A.01R.1201.07,34,25,20
TCGA.85.A50Z.01A.21R.A262.07,28,41,12
TCGA.56.6546.01A.11R.1820.07,12, 5,20
TCGA.52.7811.01A.11R.2125.07,24,51,14
TCGA.90.7964.01A.21R.2187.07, 6,15,-2
TCGA.56.7822.01A.11R.2125.07, 0,19,-8
TCGA.94.A4VJ.01A.11R.A24Z.07,-4,11, 4
TCGA.85.A513.01A.12R.A26W.07,-20,-27,-14
TCGA.21.1076.01A.02R.0692.07,-12,  1,  2
TCGA.LA.A446.01A.21R.A24Z.07,12,13, 8
TCGA.21.1079.01A.01R.0692.07,32,51, 8
TCGA.85.A4QQ.01A.41R.A262.07,30,37, 2
TCGA.96.7544.01A.11R.2045.07, 2, 1,12
TCGA.43.6770.01A.11R.1820.07,32,35,18
TCGA.37.4133.01A.01R.1100.07,22,11,14
TCGA.85.A4JB.01A.51R.A262.07,36,29,12
TCGA.39.5027.01A.21R.1820.07,28,41,16
TCGA.66.2794.01A.01R.1201.07,12,13,14
TCGA.60.2711.01A.01R.0851.07,24,19,16
TCGA.52.7809.01A.21R.2125.07,-18,-21,  4
TCGA.43.6773.01A.41R.1949.07,-18, -9,  2
TCGA.56.A4BY.01A.11R.A24H.07,4,9,8
TCGA.85.8584.01A.11R.2403.07,14,-9,10
TCGA.85.A4CL.01A.41R.A26W.07,-2, 1,-4
TCGA.39.5040.01A.21R.2125.07, -8,-11,  8
TCGA.85.7698.01A.11R.2125.07,12,13,14
TCGA.NC.A5HQ.01A.11R.A26W.07,12,29,14
TCGA.92.7341.01A.31R.2045.07,30,33,20
TCGA.43.6771.01A.11R.1820.07,30,53,-2
TCGA.77.8153.01A.11R.2403.07,32,39,14
TCGA.21.1083.01A.01R.0692.07,18,11,18
TCGA.58.8392.01A.11R.2326.07,12,31,14
TCGA.33.4586.01A.01R.1443.07,18,17,14
TCGA.NC.A5HG.01A.11R.A26W.07,36,35,12
TCGA.66.2754.01A.01R.0980.07,20, 5,20
TCGA.43.A475.01A.11R.A24H.07,-12,-25, 10
TCGA.63.5128.01A.01R.1443.07,24,27,10
TCGA.39.5028.01A.01R.1443.07, 18, 13,-10
TCGA.33.AASJ.01A.11R.A405.07,26,29,14
TCGA.63.6202.01A.11R.1820.07,26,-1, 8
TCGA.21.1081.01A.01R.0692.07, 4,17,16
TCGA.96.8170.01A.11R.2296.07, 0, 1,10
TCGA.77.6843.01A.11R.1949.07,-16,-13, -8
TCGA.60.2720.01A.01R.0851.07,30,39, 8
TCGA.O2.A52N.01A.11R.A26W.07,28,45,14
TCGA.51.6867.01A.11R.2045.07, 4,15,14
TCGA.18.3406.01A.01R.0980.07,26,33, 4
TCGA.77.8145.01A.11R.2247.07,18,27, 0
TCGA.85.8276.01A.11R.2296.07,24,19,14
TCGA.56.8082.01A.11R.2247.07,-8, 3, 6
TCGA.60.2703.01A.11R.2045.07,20,31,16
TCGA.85.8481.01A.11R.2326.07,22,41, 2
TCGA.66.2742.01A.01R.0980.07,30,31,12
TCGA.33.AAS8.01A.11R.A405.07,26,27,12
TCGA.92.8064.01A.11R.2247.07,-2,-1, 4
TCGA.NK.A5CT.01A.31R.A26W.07,32,35, 8
TCGA.63.A5MT.01A.21R.A26W.07, 4,11, 4
TCGA.77.6842.01A.11R.1949.07, 10,-17, 16
TCGA.68.7755.01A.11R.2125.07,20,35,16
TCGA.58.8386.01A.11R.2296.07,10,21,-2
TCGA.98.8022.01A.11R.2247.07,-22,-13,-16
TCGA.77.8140.01A.11R.2247.07, 0,-7,-6
TCGA.33.A5GW.01A.11R.A27Q.07,12,23, 6
TCGA.90.7769.01A.11R.2125.07,22,51, 6
TCGA.O2.A5IB.01A.11R.A27Q.07,4,5,8
TCGA.77.8128.01A.11R.2247.07,14,19,18
TCGA.21.1072.01A.01R.0692.07,28,27,20
TCGA.85.7844.01A.11R.2125.07,18, 9,18
TCGA.L3.A4E7.01A.11R.A24Z.07,10,23, 0
TCGA.46.3768.01A.01R.0980.07,12, 5,12
TCGA.66.2770.01A.01R.0851.07, 8,31, 6
TCGA.98.A53A.01A.11R.A262.07,16,17,10
TCGA.22.4593.01A.21R.1820.07,30,43,18
TCGA.85.7843.01A.11R.2125.07,24,37,20
TCGA.46.6026.01A.11R.1820.07, 8, 5,12
TCGA.21.1076.01A.01R.0692.07,-2,15,10
TCGA.22.5481.01A.31R.1949.07, 14,-19,  6
TCGA.66.2795.01A.02R.0980.07,22,25,14
TCGA.39.5036.01A.01R.1443.07,30,43, 6
TCGA.NC.A5HK.01A.11R.A26W.07,10,27,12
TCGA.77.8154.01A.11R.2247.07,14,25,12
TCGA.56.8305.01A.11R.2296.07,26,33, 6
TCGA.34.8455.01A.11R.2326.07,12,23,14
TCGA.NC.A5HR.01A.21R.A26W.07, 8, 9,12
TCGA.63.A5MG.01A.12R.A27Q.07, 18, 25,-10
TCGA.85.8287.01A.11R.2296.07,-8,-7, 8
TCGA.77.8009.01A.11R.2187.07,28,19, 8
TCGA.NC.A5HI.01A.11R.A26W.07,24,19,14
TCGA.66.2765.01A.01R.0851.07,42,55,14
TCGA.66.2768.01A.01R.0851.07,36,45,14
TCGA.77.7335.01A.11R.2045.07,  0,-15, -8
TCGA.NC.A5HM.01A.12R.A26W.07,40,51,20
TCGA.39.5031.01A.01R.1443.07,16,37,10
TCGA.56.7223.01A.11R.2045.07, 8, 1,12
TCGA.43.2581.01A.01R.0851.07, 6,-9, 4
TCGA.77.A5GB.01B.11R.A27Q.07,28,39,16
TCGA.22.1016.01A.01R.0692.07,-16, -7, -2
TCGA.37.A5EL.01A.11R.A26W.07,14,39,12
TCGA.56.8624.01A.11R.2403.07,-18,-13,-14
TCGA.60.2724.01A.01R.0851.07,40,53,18
TCGA.85.8353.01A.21R.2296.07,22,27,10
TCGA.77.8131.01A.11R.2247.07,34,27,-4
TCGA.68.A59I.01A.11R.A262.07, 2,11,-4
TCGA.43.3920.01A.01R.0980.07,20,21,10
TCGA.46.3767.01A.01R.0980.07, 0,13,-2
TCGA.77.7140.01A.41R.2045.07,28,31,16
TCGA.56.A49D.01A.11R.A24H.07,14,17,14
TCGA.43.7658.01A.11R.2125.07,-14,-23,  6
TCGA.22.4609.01A.21R.2125.07,-2,11, 6
TCGA.37.A5EM.01A.21R.A27Q.07,16,11,10
TCGA.85.A4CN.01A.11R.A24H.07,24,35,14
TCGA.33.4589.01A.01R.1443.07,32,43,10
TCGA.J1.A4AH.01A.31R.A24H.07, 2, 5,16
TCGA.58.A46L.01A.11R.A24H.07,20,23,20
TCGA.43.3394.01A.01R.0980.07,40,23,20
TCGA.22.4613.01A.01R.1443.07,26,11, 8
TCGA.77.7139.01A.11R.2045.07, 6, 3,10
TCGA.18.4721.01A.01R.1443.07,10, 7,12
TCGA.98.A539.01A.31R.A262.07,30,43,10
TCGA.37.5819.01A.01R.1635.07, 8,-1,12
TCGA.85.8479.01A.11R.2326.07,20,33, 8
TCGA.21.1078.01A.01R.0692.07,-10, -7, -6
TCGA.85.A4PA.01A.11R.A24Z.07,-26,-55, -6
TCGA.21.5786.01A.01R.1635.07,24,33,20
TCGA.60.2716.01A.01R.0851.07,-16, -5,-14
TCGA.77.8139.01A.11R.2247.07, 8,17,12
TCGA.56.8307.01A.11R.2296.07,-18,-33,  2
TCGA.34.5929.01A.11R.1820.07,18, 7, 4
TCGA.56.A5DS.01A.11R.A27Q.07,-20, -5,  0
TCGA.77.A5G1.01A.11R.A27Q.07,26,39,-8
TCGA.63.7020.01A.11R.1949.07,26,37,10
TCGA.90.A4EE.01A.11R.A24Z.07, -2,-15,  8
TCGA.85.8582.01A.21R.2403.07,18,23,12
TCGA.XC.AA0X.01A.32R.A405.07,-10,  7,-10
TCGA.LA.A7SW.01A.11R.A405.07,16,29, 2
TCGA.90.A4ED.01A.31R.A24Z.07,-26,-21, -6
TCGA.66.2756.01A.01R.0851.07,16,15,12
TCGA.98.7454.01A.11R.2045.07,-16, -5,  0
TCGA.21.5783.01A.41R.2187.07,32,33,22
TCGA.NK.A7XE.01A.12R.A405.07,22,25, 6
TCGA.22.1017.01A.01R.0692.07,26,15, 4
TCGA.18.3417.01A.01R.1443.07,30,33,14
TCGA.34.5231.01A.21R.1820.07,14,29,14
TCGA.33.AASL.01A.11R.A405.07,24,41,14
TCGA.94.8035.01A.11R.2247.07,26,43,14
TCGA.77.A5GF.01A.21R.A27Q.07, 8,19, 6
TCGA.56.7580.01A.11R.2045.07,24,29,12
TCGA.22.1000.01A.01R.A32Z.07, -4,  9,-14
TCGA.39.5011.01A.01R.1443.07,16,11, 8
TCGA.77.7465.01A.11R.2045.07, 2,-1,10
TCGA.85.8048.01A.11R.2247.07,-22,-31, -2
TCGA.18.5595.01A.01R.1635.07,28,31,20
TCGA.85.8288.01A.11R.2296.07,10, 7,14
TCGA.66.2790.01A.01R.0980.07,24,17,22
TCGA.18.4083.01A.01R.1100.07,18,17, 6
TCGA.60.2707.01A.01R.0851.07,16,43,16
TCGA.96.A4JK.01A.11R.A24Z.07,20,19,12
TCGA.56.8304.01A.11R.2326.07,40,51,12
TCGA.22.1011.01A.01R.0692.07,28,33, 8
TCGA.56.7221.01A.11R.2045.07,14,35,10
TCGA.43.7656.01A.11R.2125.07, 2,-7,12
TCGA.63.A5ML.01A.31R.A27Q.07, 2,-1,12
TCGA.56.6545.01A.11R.1820.07,14,25,10
TCGA.56.7579.01A.11R.2045.07,-2,11, 6
TCGA.77.7338.01A.11R.2045.07, 0,17,-6
TCGA.46.3769.01A.01R.0980.07,16, 1, 0
TCGA.94.7033.01A.11R.1949.07,30,31, 4
TCGA.22.5479.01A.31R.1949.07,20,23,12
TCGA.63.A5MH.01A.12R.A27Q.07,22,23,14
TCGA.94.8490.01A.11R.2326.07, 6,31,12
TCGA.58.8391.01A.11R.2326.07,14,35,14
TCGA.85.A5B5.01A.21R.A26W.07,-6,-1, 2
TCGA.63.A5MB.01A.11R.A26W.07,12,15,16
TCGA.60.2713.01A.01R.0851.07,30,35, 6
TCGA.56.A4BX.01A.11R.A24H.07,0,5,4
TCGA.33.4533.01A.01R.1201.07,16,21,14
TCGA.68.A59J.01A.21R.A26W.07,14,23, 8
TCGA.46.3766.01A.01R.0980.07,-18,-17,-10
TCGA.66.2780.01A.01R.0851.07,36,37, 8
TCGA.66.2793.01A.01R.1201.07, 2,13, 4
TCGA.22.1002.01A.01R.0692.07,-16, -5, -2
TCGA.66.2785.01A.01R.0851.07,16,25, 6
TCGA.43.A56U.01A.11R.A26W.07,-12,-13,-10
TCGA.98.8020.01A.11R.2247.07,22,39, 2
TCGA.58.8393.01A.11R.2326.07, 0,19, 2
TCGA.56.A62T.01A.11R.A405.07,16,27, 4
TCGA.NC.A5HL.01A.11R.A26W.07,18,11,14
TCGA.56.5897.01A.11R.1635.07,16,21,10
TCGA.56.7823.01B.11R.2247.07,18,41,12
TCGA.58.8387.01A.11R.2296.07,36,17,16
TCGA.77.6845.01A.11R.1949.07,26,39,18
TCGA.52.7622.01A.11R.2125.07,-14, 15,  4
TCGA.77.8156.01A.11R.2247.07,14,13,14
TCGA.77.A5G8.01B.11R.A27Q.07,24,39,18
TCGA.66.2781.01A.01R.0851.07,30,35,16
TCGA.85.A510.01A.11R.A26W.07,  2,-23,  6
TCGA.21.5787.01A.01R.1635.07,12,15,10
TCGA.77.8146.01A.11R.2247.07, 0,37,14
TCGA.O2.A52S.01A.11R.A262.07,10, 7,18
TCGA.77.7138.01A.41R.2045.07,26,45,12
TCGA.33.4583.01A.01R.1443.07,28,31,18
TCGA.85.A4JC.01A.11R.A24Z.07,24,37, 8
TCGA.22.4596.01A.01R.1201.07,  0, -9,-12
TCGA.85.7710.01A.11R.2125.07,14,35, 8
TCGA.77.A5G7.01B.11R.A27Q.07,32,21,10
TCGA.22.5491.01A.01R.1635.07,22,27, 4
TCGA.77.8136.01A.11R.2247.07,24,31,14
TCGA.22.5482.01A.01R.1635.07,38,41,16
TCGA.60.2712.01A.01R.0851.07, 8,-5,-2
TCGA.39.5022.01A.21R.1820.07,18, 7,10
TCGA.66.2755.01A.01R.0851.07,22,11,16
TCGA.77.A5FZ.01A.31R.A27Q.07,-34,-53,-14
TCGA.39.5034.01A.01R.1443.07,10,-7,16
TCGA.56.8309.01A.11R.2296.07,-20,-29,-10
TCGA.22.5473.01A.01R.1635.07,34,39,18
TCGA.39.5030.01A.01R.1443.07,-10,-23,  6
TCGA.22.0940.01A.01R.0692.07,16,21,14
TCGA.70.6723.01A.11R.1820.07,18,25,22
TCGA.34.8454.01A.11R.2326.07, 6,13, 8
TCGA.66.2778.01A.02R.0851.07,34,49,10
TCGA.63.A5MU.01A.11R.A26W.07,10,19,16
TCGA.56.7582.01A.11R.2045.07,16,23, 8
TCGA.63.A5MY.01A.11R.A26W.07,30,13,18
TCGA.98.A53C.01A.11R.A262.07,-36,-47,-18
TCGA.85.8355.01A.11R.2296.07,-20,-21,-10
TCGA.77.A5G3.01A.31R.A27Q.07,14,17, 6
TCGA.90.7766.01A.21R.2125.07,-10,-23,  6
TCGA.22.1005.01A.01R.0692.07,-22,-39,-14
TCGA.O2.A52W.01A.11R.A26W.07,24,17, 6
TCGA.52.7812.01A.11R.2125.07,24,25,20
TCGA.66.2734.01A.01R.0980.07,40,49,10
TCGA.66.2788.01A.01R.0980.07,30,47,16
TCGA.22.5485.01A.01R.1635.07,32,33,14
TCGA.56.8503.01A.11R.2403.07,12, 9,12
TCGA.85.8664.01A.11R.2403.07,24,19,16
TCGA.66.2777.01A.01R.1201.07,22,47,16
TCGA.39.5029.01A.01R.1443.07,30,35, 6
TCGA.56.5898.01A.11R.1635.07,  6, 33,-14
TCGA.39.5037.01A.01R.1443.07,32,39,16
TCGA.66.2791.01A.01R.0980.07,18,13,14
TCGA.34.2596.01A.01R.0851.07,  2,-11, 12
TCGA.22.5477.01A.01R.1635.07, 8,-1,16
TCGA.51.4079.01A.01R.1100.07,38,53,16
TCGA.22.5483.01A.01R.1820.07,14,13,18
TCGA.96.A4JL.01A.11R.A24Z.07,-32,-35,  0
TCGA.39.5035.01A.01R.1443.07,26, 5, 0
TCGA.85.8580.01A.31R.2403.07,26,13,16
TCGA.85.7696.01A.11R.2125.07, 0, 5,14
TCGA.MF.A522.01A.11R.A262.07,22,29,12
TCGA.NC.A5HN.01A.11R.A26W.07,40,33,16
TCGA.NK.A5D1.01A.11R.A26W.07,34,31,16
TCGA.18.3416.01A.01R.0980.07,22,17,16
TCGA.77.7142.01A.11R.2045.07, 6, 7,20
TCGA.22.5472.01A.01R.1635.07,-28, -5,-14
TCGA.33.4582.01A.01R.1443.07,34,25,20
TCGA.56.8622.01A.11R.2403.07,  2, 13,-12
TCGA.63.A5M9.01A.11R.A26W.07, 8, 7,14
TCGA.22.4605.01A.21R.2125.07, 2,27,-8
TCGA.6A.AB49.01A.12R.A405.07,42,45,16
TCGA.66.2767.01A.01R.0851.07,-4,-3, 2
TCGA.34.5232.01A.21R.1820.07,16, 3,12
TCGA.60.2723.01A.01R.0851.07,40,39,20
TCGA.92.8063.01A.11R.2247.07,28,45,18
TCGA.56.A5DR.01A.11R.A27Q.07,20,29,18
TCGA.77.8008.01A.21R.2187.07, -2,  7,-10
TCGA.18.3411.01A.01R.0980.07,24,31,14
TCGA.98.8021.01A.11R.2247.07,-2, 5, 2
TCGA.85.8070.01A.11R.2247.07,-2,-7, 8
TCGA.66.2763.01A.01R.0851.07,26,29,14
TCGA.85.6798.01A.11R.1949.07,30,39,10
TCGA.85.7699.01A.11R.2125.07, 4, 3,16
TCGA.92.7340.01A.21R.2045.07, 8,17, 8
TCGA.46.6025.01A.11R.1820.07,36,47, 6
TCGA.33.6737.01A.11R.1820.07,32,29,12
TCGA.79.5596.01A.31R.1949.07,20,37, 6
TCGA.18.4086.01A.01R.1100.07,34,37,14
TCGA.58.A46M.01A.11R.A24H.07,-6, 1,18
TCGA.18.5592.01A.01R.1635.07,10,17,18
TCGA.85.A512.01A.11R.A26W.07,12,21,18
TCGA.52.7810.01A.11R.2125.07,34,41, 6
TCGA.96.8169.01A.11R.2296.07, -6, 19,-12
TCGA.68.8250.01A.11R.2296.07,18,13, 4
TCGA.NC.A5HF.01A.11R.A26W.07,32,43,10
TCGA.43.5668.01A.01R.1635.07,-12,-21,  2
TCGA.66.2792.01A.01R.0980.07,28,37,16
TCGA.85.8277.01A.11R.2296.07,18,25,14
TCGA.22.4594.01A.01R.1201.07,-10,-17,  8
TCGA.77.8148.01A.11R.2247.07,30,31,16
TCGA.NC.A5HD.01A.11R.A26W.07,36,27,16
TCGA.60.2725.01A.01R.1201.07, 4,-3, 6
TCGA.56.8629.01A.11R.2403.07,10,23,-2
TCGA.66.2727.01A.01R.0980.07,14, 9,14
TCGA.34.2600.01A.01R.0851.07,-16,-21, -6
TCGA.51.4080.01A.01R.1100.07, -2,-13,  8
TCGA.66.2787.01A.01R.0980.07, 2, 9,14
TCGA.63.A5MP.01A.11R.A26W.07,-8,-3,10
TCGA.94.A5I6.01A.21R.A27Q.07,36,29,16
TCGA.85.8052.01A.11R.2247.07,24,29,12
TCGA.98.8023.01A.11R.2247.07,-6,-5, 8
TCGA.85.7950.01A.11R.2187.07, 18,-13, 10
TCGA.46.3765.01A.01R.0980.07,28,33, 8
TCGA.39.5019.01A.01R.1820.07,32,51,24
TCGA.60.2722.01A.01R.0851.07,18,31,16
TCGA.22.4595.01A.01R.1201.07,22,27,14
TCGA.22.5492.01A.01R.1635.07,10, 3,12
TCGA.L3.A524.01A.11R.A262.07,22,19,16
TCGA.98.A53H.01A.12R.A262.07,-36,-27,-16
TCGA.22.5471.01A.01R.1635.07,14,33,14
TCGA.NK.A5CX.01A.11R.A26W.07,26,33,-4
TCGA.63.A5MR.01A.31R.A27Q.07,34,59,12
TCGA.18.3412.01A.01R.0980.07,26,27,14
TCGA.77.6844.01A.11R.1949.07,12,15,16
TCGA.68.8251.01A.11R.2296.07,18, 3,12
TCGA.85.8354.01A.31R.2326.07,40,45,18
TCGA.33.4532.01A.01R.1201.07,36,39,18
TCGA.21.5784.01A.01R.1635.07,  6, 17,-10
TCGA.56.8623.01A.11R.A28V.07,-36,-37,-20
TCGA.98.A53J.01A.11R.A26W.07,12,23,-6
TCGA.21.A5DI.01A.31R.A26W.07,36,45, 6
TCGA.60.2696.01A.01R.0851.07,14,31, 6
TCGA.60.2706.01A.01R.0851.07, 6,-1,16
TCGA.21.1082.01A.01R.0692.07, 2,-5,14
TCGA.85.8351.01A.11R.2296.07,12,41,10
TCGA.66.2800.01A.01R.1201.07,32,37,12
TCGA.98.A53D.01A.32R.A262.07,-26,-19,-24
TCGA.77.8144.01A.11R.2247.07,34,47,16
TCGA.63.A5MV.01A.21R.A26W.07,-8, 5,-8
TCGA.21.1077.01A.01R.0692.07,26,33,10
TCGA.85.6560.01A.11R.1820.07,14,-1,18
TCGA.43.A56V.01A.11R.A26W.07,28,39,14
TCGA.33.A4WN.01A.11R.A262.07,14, 7,14
TCGA.43.2576.01A.01R.A32Z.07, -2, -1,-12
TCGA.66.2758.01A.02R.0851.07,20,19,12
TCGA.21.5782.01A.01R.1635.07,38,45,16
TCGA.85.A50M.01A.21R.A262.07, 8,17,-2
TCGA.37.4141.01A.02R.1100.07, 8, 9,18
TCGA.18.3421.01A.01R.0980.07,38,25, 8
TCGA.21.1070.01A.01R.0692.07,12,27,10
TCGA.56.8628.01A.11R.2403.07,-18, -9,-18
TCGA.34.5239.01A.21R.1820.07,-28,-19,  2
TCGA.68.7757.01B.11R.2296.07,-20, -7,-14
TCGA.66.2757.01A.01R.0851.07, 0,-3,10
TCGA.60.2698.01A.01R.0851.07,30,35, 6
TCGA.22.4601.01A.01R.1443.07,10, 3, 2
TCGA.21.1071.01A.01R.0692.07,24,27,18
TCGA.85.8072.01A.31R.2247.07,-4, 3,10
TCGA.56.A4ZK.01A.11R.A262.07,10,31, 2
TCGA.37.A5EN.01A.21R.A26W.07,-6,-1, 6
TCGA.34.5927.01A.11R.1820.07, 4,-5,10
TCGA.77.A5GA.01A.11R.A27Q.07,26,23,18
TCGA.66.2769.01A.02R.0851.07,28,23,16
TCGA.56.8625.01A.11R.2403.07, 0,-3,10
TCGA.66.2771.01A.01R.0980.07,30,17,14
TCGA.66.2783.01A.01R.1201.07,28,41,16
TCGA.58.A46K.01A.11R.A24H.07, 4,21,14
TCGA.56.8626.01A.11R.2403.07,-2,19,-4
TCGA.37.4129.01A.01R.1100.07,-28,-41,-24
TCGA.77.7337.01A.21R.2045.07,26,37,12
TCGA.60.2721.01A.01R.0851.07,-28,-17, -2
TCGA.66.2759.01A.01R.0851.07,38,29,20
TCGA.NC.A5HE.01A.11R.A26W.07,10,-1,10
TCGA.43.8115.01A.11R.2247.07,-2, 5,10
TCGA.34.5236.01A.21R.1820.07,32,49,10
TCGA.21.1075.01A.01R.0692.07,36,31,20
TCGA.66.2766.01A.01R.0851.07,28,25,22
TCGA.60.2715.01A.01R.0851.07,-22, -7,-12
TCGA.77.A5G6.01A.11R.A27Q.07,22,19,14
TCGA.98.A53B.01A.11R.A262.07, 0, 7,10
TCGA.33.4587.01A.11R.2125.07,24, 1,16
TCGA.34.5234.01A.01R.1635.07, 2,-1,-6
TCGA.51.4081.01A.01R.1100.07, 0,29,14
TCGA.85.8049.01A.11R.2247.07,-16, -7, -6
TCGA.O2.A52V.01A.31R.A262.07,26,29,14
TCGA.34.7107.01A.11R.1949.07,2,3,8
TCGA.18.3410.01A.01R.0980.07, 10,-11, 16
TCGA.33.6738.01A.11R.1949.07,10, 9,20
TCGA.56.7731.01A.11R.2125.07, 10, 19,-10
TCGA.18.3407.01A.01R.0980.07, 2,27,-2
TCGA.56.8201.01A.11R.2247.07,4,5,2
TCGA.85.8350.01A.11R.2296.07,12,13, 4
TCGA.NK.A5CR.01A.11R.A26W.07,24,31, 8
TCGA.34.5240.01A.01R.1443.07,20,11,10
TCGA.77.A5GH.01A.11R.A27Q.07, -6,-19,  4
TCGA.18.3409.01A.01R.0980.07,12,11,-4
TCGA.58.8388.01A.11R.2326.07,-22,-25,  4
TCGA.33.4538.01A.01R.1201.07,12,17,16
TCGA.66.2737.01A.01R.0980.07,30,29,24
TCGA.60.2697.01A.11R.2125.07,-24,-33, -6
TCGA.60.2710.01A.01R.0851.07, 4,-5,14
TCGA.34.5928.01A.11R.1820.07,28,27, 0
TCGA.60.2708.01A.01R.0851.07,40,53,10
TCGA.43.6647.01A.11R.1820.07, 8,17, 4
TCGA.39.5016.01A.01R.1443.07,-2,-1, 6
TCGA.63.A5MN.01A.22R.A27Q.07, 2,13,-6
TCGA.56.A4ZJ.01A.11R.A262.07,-14,  5,-10
TCGA.18.3419.01A.01R.0980.07,16,19,16
TCGA.77.8133.01A.12R.2247.07,-12,-15,  8
TCGA.85.8666.01A.11R.2403.07,40,47,16
TCGA.94.8491.01A.11R.2326.07, -8,  7,-10
TCGA.92.8065.01A.11R.2247.07, -8, -3,-14
TCGA.22.1012.01A.01R.0692.07,40,27,22
TCGA.34.A5IX.01A.12R.A27Q.07,24,19,10
TCGA.98.A538.01A.11R.A262.07,24,33,14
TCGA.56.1622.01A.01R.0692.07,14,19,12
TCGA.22.A5C4.01A.12R.A27Q.07,24,19,16
TCGA.85.A511.01A.21R.A262.07,18,19,24
TCGA.43.2578.01A.01R.0851.07,24,25,14
TCGA.43.8118.01A.11R.2403.07,10,17,16
TCGA.90.6837.01A.11R.1949.07,26,25,10
TCGA.77.7463.01A.11R.2045.07,32,45,18
TCGA.63.A5MI.01A.12R.A27Q.07,30,25,18
TCGA.37.4132.01A.01R.1100.07,22,13,10
TCGA.18.3415.01A.01R.0980.07,32,41,18
TCGA.37.4130.01A.01R.1100.07,  4,-19, 10
TCGA.77.8138.01A.11R.2247.07,16,23,-2
TCGA.18.3414.01A.01R.0980.07,16,21,12
TCGA.85.7697.01A.11R.2125.07,14,39, 6
TCGA.33.AASD.01A.11R.A405.07,32,47,12
TCGA.33.4547.01A.01R.1201.07,16, 9,10
TCGA.56.8308.01A.11R.2296.07,-2,29,-6
TCGA.33.AASB.01A.11R.A405.07,36,35, 8
TCGA.77.8150.01A.11R.2247.07,-2, 3,10
TCGA.NC.A5HO.01A.11R.A26W.07, 2,19, 0
TCGA.85.8071.01A.11R.2247.07, 6,25,10
TCGA.NC.A5HJ.01A.11R.A26W.07,  0,-25, 10
TCGA.43.8116.01A.11R.2247.07, 0,-5, 6
TCGA.94.7557.01A.11R.2125.07,32,19,12
TCGA.98.A53I.01A.31R.A262.07,-12,-19,  4
TCGA.56.7730.01A.11R.2125.07,-2,21,12
TCGA.60.2704.01A.11R.2045.07,-4, 7, 6
TCGA.66.2782.01A.01R.0851.07,24,29,10
TCGA.37.3792.01A.01R.0980.07,14,19,16
TCGA.NC.A5HH.01A.11R.A26W.07,20,13,16
TCGA.22.5474.01A.01R.1635.07, 8, 7,16
TCGA.39.5021.01A.01R.1443.07,26,17,20
TCGA.66.2753.01A.01R.0980.07,30,33,18
TCGA.85.A4QR.01A.11R.A24Z.07,28,11,18
TCGA.63.7023.01A.11R.1949.07, 6,-7,12
TCGA.66.2773.01A.01R.1201.07,16,23, 8
TCGA.70.6722.01A.11R.1820.07,16,23,14
TCGA.22.5489.01A.01R.1635.07,  0,-15,  8
TCGA.77.7141.01A.11R.2045.07, 4,-3,14
TCGA.43.A474.01A.11R.A24H.07,30,41,14
TCGA.77.8143.01A.11R.2247.07,30,23,18
TCGA.58.A46J.01A.11R.A24H.07,36,27,12
TCGA.60.2714.01A.01R.0851.07,26,11,-2
TCGA.43.7657.01A.31R.2125.07,14, 7, 8
TCGA.58.A46N.01A.11R.A24H.07,20,37,12
TCGA.60.2709.01A.21R.1820.07, -6,-15, 10
TCGA.22.5480.01A.01R.1635.07, -6,-35,  4
TCGA.63.A5MS.01A.11R.A26W.07,-12, -9, -6
TCGA.94.7943.01A.11R.2187.07,-10,-17,  6
TCGA.56.8504.01A.11R.2403.07,26,37,14
TCGA.37.3783.01A.01R.1201.07,30,43,12
TCGA.37.4135.01A.01R.1100.07,28,13, 8
TCGA.22.4599.01A.01R.1443.07,28,31,18
TCGA.85.A53L.01A.21R.A26W.07,40,43,14
TCGA.33.4566.01A.01R.1443.07,16,13, 8
TCGA.39.5024.01A.21R.1820.07,36,39,18
TCGA.56.A4BW.01A.11R.A24H.07,14,23, 8
TCGA.63.7021.01A.11R.1949.07,20,27,10
TCGA.90.A59Q.01A.11R.A26W.07,-14, -5, -2
TCGA.60.2719.01A.01R.0851.07,20, 9,10
TCGA.77.8007.01A.11R.2187.07,26,29,10
TCGA.34.8456.01A.21R.2326.07, 6,25,10
TCGA.60.2726.01A.01R.0851.07,14,13,10
TCGA.34.2608.01A.02R.0851.07,-18, 11, -8
TCGA.66.2786.01A.01R.0851.07,28,21,16
TCGA.22.0944.01A.01R.0692.07,36,51,18
TCGA.NC.A5HP.01A.11R.A26W.07,14,21,12
TCGA.66.2744.01A.01R.0980.07,24,35,20
